name,color,odometer(km),doors,price
Toyota,White,36443,5,42809
Honda,Red,221377,2,22577
BMW,White,156730,5,9355
BMW,Red,63501,5,47998
Toyota,Black,136502,5,14116
Honda,Red,77208,4,12772
Toyota,White,169000,4,32868
Honda,Blue,189158,2,6035
BMW,Black,209518,5,12795
Honda,White,178534,2,13649
Honda,White,85220,4,33648
Honda,Black,27072,4,12869
Toyota,Red,75291,4,19397
Toyota,Red,32657,2,12229
BMW,Gray,201554,4,37260
Honda,Black,12714,2,12263
BMW,Black,164434,5,9538
BMW,Green,247351,5,21867
BMW,Green,187728,4,8942
Toyota,Green,237705,2,15241
BMW,Gray,191891,2,28033
Honda,Black,115668,5,41480
Toyota,Gray,20641,4,35154
Honda,Silver,57914,2,47239
Honda,White,210287,5,9147
Toyota,White,14921,4,30465
Toyota,Red,204300,4,28669
BMW,Blue,76340,4,33336
Toyota,Silver,12702,4,48591
Honda,White,234872,5,16490
Honda,Silver,235525,5,9283
Honda,Blue,105833,5,6169
Honda,Silver,35611,2,27128
BMW,Blue,234062,4,20018
Toyota,Red,32205,5,12999
Toyota,Gray,49006,2,47866
BMW,Black,142694,2,31367
Honda,Gray,228176,4,21496
Honda,Red,76844,2,39360
Honda,Gray,67025,5,6466
Honda,Blue,15953,2,26943
BMW,Silver,179502,2,15849
Toyota,Green,152084,2,40285
Honda,Silver,76231,4,8969
Toyota,Black,134421,4,45338
BMW,Black,164391,5,41861
BMW,Black,84366,2,24511
Toyota,Green,41164,5,39682
BMW,Green,172341,2,20656
Toyota,Silver,52577,5,8286
Honda,Silver,104403,4,41573
Toyota,Black,97172,2,25269
BMW,Gray,71400,5,17693
Honda,Silver,218849,2,6781
Honda,White,249752,5,16423
Honda,Silver,180348,5,35260
BMW,Black,94008,2,19423
Honda,Gray,209828,4,45194
Honda,Blue,79806,5,27692
Honda,Black,55661,2,15433
Honda,White,70602,5,23556
Honda,Gray,197797,2,40870
Toyota,Blue,141582,5,7916
BMW,Green,152834,5,48895
BMW,Red,40745,5,32168
Honda,Blue,194072,4,19116
Honda,Blue,209267,2,20269
BMW,Black,193289,2,26642
BMW,Red,170967,2,17733
BMW,Red,50774,5,46107
Toyota,Green,48726,4,13086
Honda,Black,102086,4,44825
Toyota,Green,134189,4,20557
Toyota,White,107675,2,9817
Toyota,Blue,85183,4,37837
BMW,Gray,224256,4,10832
Honda,Blue,82289,5,49215
Honda,Black,203734,4,26426
Toyota,White,64742,2,28093
BMW,Silver,65285,2,49374
Honda,Red,148657,5,40893
Honda,Green,107182,2,45653
Honda,Green,21767,2,16788
Honda,Blue,158792,4,39574
BMW,Silver,99389,5,44596
Honda,Black,7894,4,23561
Honda,White,33828,2,47170
Toyota,Black,90577,2,22123
Toyota,Black,161979,4,37407
BMW,Gray,175486,2,6214
BMW,Red,213837,5,40709
BMW,Green,51486,4,36853
Honda,Silver,227308,5,8083
Honda,Red,86218,2,28416
Toyota,White,87168,4,33766
BMW,Black,172917,4,25279
Toyota,Red,231219,2,35114
BMW,Green,9901,4,14260
Toyota,Black,195635,4,20119
BMW,White,95763,4,8074
Toyota,Silver,190562,4,25741
BMW,Silver,68584,2,9864
Toyota,White,106059,2,16647
Honda,Black,161934,5,23176
Honda,Red,8575,2,19703
Toyota,Silver,82377,4,13099
BMW,White,132369,4,24417
Toyota,Silver,226550,4,51304
BMW,Red,124387,2,6737
Honda,White,141203,5,23284
Toyota,Red,91122,2,50748
Honda,Silver,90482,5,16369
Honda,Gray,15589,5,16262
Toyota,Red,73585,5,26323
Honda,Silver,186313,2,22524
Honda,Blue,30178,5,38506
Honda,Gray,121874,5,20796
BMW,Black,75837,5,46407
BMW,Silver,208360,5,47534
BMW,Green,231339,4,46483
Toyota,Green,138922,2,44029
Honda,Black,197398,5,25717
BMW,Gray,143978,4,32407
Honda,Blue,69081,4,51567
Toyota,Black,87119,4,12736
Honda,White,102946,5,12544
Toyota,Red,76925,2,22872
Honda,Blue,118522,5,23643
Toyota,White,242467,5,33034
BMW,Blue,64004,4,20409
Honda,Red,92401,5,43309
Honda,White,202489,4,12498
BMW,White,193889,4,9312
Toyota,Silver,183361,4,23197
Honda,Gray,60469,4,17900
Honda,Green,39406,2,27683
BMW,White,244017,4,48837
Toyota,Black,136774,4,6761
Toyota,White,163978,4,14340
Toyota,Silver,50796,4,16735
Honda,White,181051,4,50383
Toyota,Silver,233049,5,29182
BMW,Black,34505,2,48146
Honda,White,170123,5,20791
BMW,Gray,190477,2,50010
BMW,Blue,65408,2,29543
Honda,Red,46763,5,31980
BMW,Red,152148,5,12307
Toyota,Green,248578,2,48214
BMW,Green,192575,2,16502
Honda,Silver,85124,5,23362
Honda,Red,125848,5,24799
BMW,Blue,196897,5,7200
Honda,Gray,22816,5,19419
BMW,Green,180985,2,40479
Toyota,Blue,129504,2,47831
BMW,Green,247775,4,27499
BMW,Black,82625,5,44146
Toyota,Blue,89623,4,14516
Toyota,Blue,196371,5,7939
Honda,Red,157877,4,22352
BMW,Blue,160673,2,35997
Honda,Blue,24087,5,24910
BMW,Black,121159,4,14940
Toyota,Red,209112,2,41832
Honda,White,32333,4,34650
Honda,White,221074,2,29924
Honda,Silver,123912,5,49302
Honda,Red,223663,5,28437
Toyota,Red,218903,4,43296
Honda,Silver,44496,4,25967
Toyota,White,28500,5,20537
Honda,White,194238,5,42294
Toyota,Black,129410,2,16200
Honda,Black,156459,2,31153
Honda,White,104266,4,47034
Toyota,Green,174045,5,37707
BMW,White,161609,4,33865
Honda,Gray,174392,4,14303
Honda,Red,189179,5,12290
BMW,Blue,218597,5,11139
BMW,Green,211611,5,5969
BMW,Black,113600,2,23535
Honda,Gray,207769,2,40453
BMW,White,237933,2,29650
BMW,White,205116,2,15296
Toyota,Blue,13276,4,37573
BMW,White,21803,5,33280
BMW,Blue,157831,5,49346
BMW,White,19644,4,31928
Toyota,Green,123969,2,18229
BMW,Red,230639,4,35723
BMW,Silver,20253,2,14293
Honda,Gray,147146,2,49528
Toyota,Black,212848,4,38876
Toyota,Green,162504,2,44517
BMW,White,10237,4,19451
Toyota,White,102032,4,19353
Toyota,Blue,50185,5,17137
Honda,White,230704,2,22973
Honda,Blue,111386,2,23676
BMW,Silver,60606,5,9757
Honda,Red,140633,5,28142
BMW,Blue,143968,4,12768
Toyota,Green,54388,5,25559
Toyota,Blue,24679,4,51170
Honda,Blue,8032,5,34923
Toyota,Gray,198931,4,7035
BMW,White,183336,5,37789
BMW,Blue,196253,2,31752
Toyota,Green,25220,5,10411
Toyota,Gray,145196,4,19529
Honda,Black,60819,4,26012
Toyota,Green,99808,4,28579
Toyota,Blue,15621,2,21286
BMW,Gray,183125,5,11398
Honda,Blue,248952,2,49507
Honda,Gray,237913,5,35404
Honda,Red,154749,5,20187
Honda,Blue,88071,2,11356
BMW,Green,54540,2,46516
Toyota,Gray,105482,4,20626
BMW,Gray,247611,4,5153
BMW,Silver,146931,4,36370
BMW,Black,85004,4,33998
Honda,Blue,50023,2,13363
BMW,White,141208,5,8588
Toyota,Red,123045,5,8552
Honda,Gray,93474,4,9375
Honda,Blue,173260,2,12202
Honda,White,168821,2,13181
BMW,Green,50371,2,48620
Honda,Red,111776,5,5056
Honda,Red,72659,5,39127
Honda,Red,58738,4,42432
BMW,White,238934,5,21557
Toyota,Blue,69101,5,46454
Honda,Silver,128232,2,36326
BMW,Gray,84137,2,36984
BMW,Silver,100347,2,44885
Toyota,Gray,241844,2,13948
Toyota,Green,20315,2,7672
Honda,Black,25993,4,12623
Toyota,Green,219634,4,22373
Honda,Blue,92197,5,5622
Honda,Black,102969,4,32065
Honda,Green,37589,2,36478
BMW,White,9030,4,32295
Toyota,Silver,112781,5,41254
BMW,Red,145054,5,44496
BMW,Red,239663,2,16215
Honda,Black,139198,5,38356
BMW,Black,164908,5,51718
BMW,Blue,94355,4,42319
Toyota,Green,241947,5,45045
BMW,Green,54199,5,50773
BMW,Silver,148566,5,7052
Honda,White,103777,5,33555
BMW,White,80682,5,43389
BMW,Silver,166171,4,34230
Toyota,Red,87293,5,9989
Honda,Green,65958,2,27398
Honda,Green,180775,2,5533
BMW,Black,85424,2,38106
Toyota,White,45295,5,24665
Honda,Gray,55932,2,22622
Toyota,Red,56407,4,47671
BMW,Green,83216,4,47873
BMW,Green,22014,5,51785
BMW,Blue,138323,2,36628
Honda,Green,169886,4,6183
Honda,Blue,22477,2,35958
BMW,Silver,208703,4,29588
Toyota,Green,63047,5,37234
Honda,White,190428,2,29358
Toyota,Blue,179646,4,28881
BMW,Green,94952,5,36397
Honda,Black,58490,4,15947
Honda,White,50247,5,38247
Honda,Blue,31367,4,8267
Honda,Black,150595,2,38563
Honda,Blue,183156,4,16841
BMW,Green,78018,2,29141
Toyota,Black,228316,2,38882
BMW,White,17520,2,16656
BMW,Black,248181,4,29185
Honda,Gray,52751,2,37457
BMW,White,138202,2,7627
BMW,Red,223213,5,44844
Honda,White,200897,2,37841
Honda,White,164162,4,40434
Toyota,White,119507,2,35372
Toyota,Gray,47047,4,10057
Toyota,White,215896,5,31680
BMW,White,238713,2,27509
Honda,White,138964,2,48026
BMW,Blue,54843,5,7862
BMW,Silver,58634,2,19240
BMW,Red,57384,4,23801
BMW,Blue,49819,2,24964
Honda,Red,32994,2,18018
BMW,White,244557,5,25403
BMW,White,96514,5,43191
Toyota,Silver,158294,2,35816
BMW,White,93271,2,29063
Honda,Blue,149910,5,50798
Toyota,Red,55658,4,38851
Honda,White,109559,5,11417
Toyota,Blue,76193,5,42055
Toyota,Red,224216,2,47278
Toyota,Silver,71957,4,18859
Toyota,Green,21699,5,8405
Toyota,Blue,21427,4,33342
BMW,Black,156391,2,24188
Honda,Green,196355,2,44211
Toyota,White,27304,2,45525
Toyota,Silver,225236,4,16260
Toyota,Red,248780,5,34949
Honda,White,165867,2,35631
BMW,White,144575,5,13137
Honda,Black,206037,4,25783
BMW,Red,200893,2,43500
Toyota,Blue,184189,4,50729
BMW,Gray,69505,2,25971
BMW,Blue,245440,4,44370
Toyota,Silver,182096,4,51768
Honda,White,65303,5,51817
Toyota,Silver,204073,2,51360
Honda,Blue,106381,5,45819
Honda,Silver,172432,2,44815
BMW,Blue,102910,5,38578
Honda,Silver,47480,2,28749
Toyota,Black,170652,5,25723
Honda,Black,18249,2,18578
Honda,White,202503,4,46682
Toyota,Black,218078,4,10504
Honda,Black,239619,5,43216
BMW,Red,137178,4,38183
BMW,Green,225740,2,26443
BMW,Gray,209555,2,41824
BMW,White,171204,4,45368
Honda,Red,132124,5,11199
Honda,Black,186346,4,18990
Honda,Red,59222,2,41316
BMW,Green,240533,2,27605
BMW,Gray,245654,4,16601
Toyota,Green,46377,4,47761
BMW,Black,209307,5,36277
Toyota,Green,10554,4,41442
Toyota,Red,155257,4,25280
Honda,Gray,200592,4,35280
BMW,White,248979,5,17729
BMW,Gray,102498,5,38758
BMW,Black,75808,2,51803
Toyota,Blue,143068,2,44332
BMW,Blue,143262,5,34494
BMW,White,198487,2,17854
BMW,Green,242109,4,41576
Honda,White,133118,4,25582
Honda,Red,163091,5,13951
BMW,Gray,36396,5,37469
Toyota,White,25496,5,42895
Honda,White,194765,4,22742
BMW,Blue,103362,4,13842
Toyota,Silver,50317,5,11996
BMW,Silver,217141,4,46115
BMW,Red,216846,2,36128
Honda,Red,9795,2,35369
Honda,Gray,71018,5,49613
Honda,Green,95865,5,13596
Toyota,Gray,129829,5,36525
Toyota,Black,163028,5,40625
Toyota,Silver,129455,2,12397
Toyota,Silver,77500,2,48252
Honda,Silver,113254,5,40911
Toyota,White,89240,5,19533
Toyota,Green,53181,4,30633
Toyota,Black,233406,4,40408
Toyota,White,73807,5,16759
Toyota,Black,244584,5,51362
Toyota,Silver,27479,2,12462
Toyota,Blue,38566,2,29859
Honda,Blue,233431,2,50631
Toyota,Gray,61432,2,11966
BMW,Gray,91550,5,38101
Toyota,Red,72229,4,49303
Honda,Red,117932,2,38333
BMW,Green,115005,2,38632
BMW,Green,106670,2,40090
Honda,Blue,153229,5,50866
BMW,White,46449,2,11929
BMW,Green,210514,5,39662
Honda,White,215732,5,42329
BMW,Green,127400,2,8839
BMW,Gray,19206,2,14861
Honda,White,128520,2,7887
Toyota,Black,5730,4,26306
Toyota,Red,137092,5,32044
Honda,Silver,210044,4,10392
BMW,Green,213721,5,29340
Toyota,White,62231,5,23895
BMW,Silver,46072,5,18933
BMW,Gray,187228,5,48280
Toyota,Red,103792,2,36656
BMW,Black,172043,5,20590
Toyota,Silver,201184,4,30682
BMW,Gray,86236,5,10063
BMW,Green,81056,4,7350
BMW,White,127574,4,17613
Toyota,Black,59841,4,30094
BMW,Black,148910,2,41441
Honda,Silver,47620,2,27276
BMW,Red,46177,4,44761
BMW,Red,9858,5,31111
Toyota,Gray,142738,4,35903
Toyota,Blue,29767,4,40594
Honda,White,59782,2,42570
BMW,Blue,176737,2,35266
Honda,White,86254,4,32501
Honda,Blue,208498,4,51056
Honda,Black,202904,5,7271
BMW,Gray,171077,5,18408
BMW,Gray,212742,2,38936
Honda,White,234515,4,31129
BMW,Silver,11127,5,6489
BMW,Green,16093,5,5067
Honda,Black,125301,2,7240
Honda,White,239612,5,36483
BMW,Green,216682,4,29686
Honda,Blue,7822,5,40633
Toyota,Gray,199872,2,33328
Honda,Green,146217,4,47612
Toyota,Green,86670,5,33385
Toyota,Blue,92005,2,12300
Toyota,Green,185307,2,43800
Honda,Red,59211,5,23304
BMW,Green,215676,5,27477
Honda,Black,213732,5,50686
BMW,White,204729,4,17118
Toyota,Gray,208272,5,17932
Honda,Blue,207588,5,49733
Honda,Blue,109723,4,9839
Toyota,Black,41221,2,25463
Honda,Green,146021,5,41756
BMW,Silver,107274,4,21613
BMW,Red,207830,4,41129
BMW,Silver,81164,4,12164
BMW,Green,120678,5,12301
Honda,Red,244100,5,37144
Honda,Green,164587,2,41132
Honda,Green,23561,5,6432
BMW,Black,76902,2,37373
BMW,White,125631,5,41387
Toyota,Silver,248250,4,47282
Toyota,Blue,132944,2,27512
BMW,Black,173246,4,11900
Honda,Blue,80274,4,44239
Honda,Gray,47781,5,49976
Honda,Gray,50517,4,6272
Honda,Green,164838,5,29758
BMW,Red,179439,4,40598
BMW,Black,181344,5,34758
Toyota,Green,158479,5,29203
Honda,Green,194669,2,17394
Honda,Green,199717,4,25862
Toyota,Red,194091,4,44877
Toyota,Gray,180306,5,33708
BMW,Gray,189226,2,5582
Toyota,Green,154610,5,13013
BMW,Black,33184,4,47983
Toyota,Green,28159,2,24889
BMW,Silver,158632,4,14310
BMW,Silver,85021,2,15957
Honda,Black,125979,5,40614
Toyota,Blue,247348,2,32319
BMW,Blue,52974,4,39591
BMW,Green,244331,2,30206
BMW,Gray,147095,5,32466
Honda,Gray,68516,4,20187
BMW,Gray,159493,2,32613
Honda,Blue,128129,4,18602
Honda,Silver,105178,2,8281
Toyota,Black,165502,4,22825
BMW,Blue,235975,4,31144
Honda,Green,13249,2,23062
BMW,Black,74930,4,18544
BMW,White,198937,4,25841
Honda,Silver,53569,4,38417
Toyota,Green,74432,5,24993
BMW,Red,114804,4,13954
Honda,White,102573,5,31537
BMW,White,8742,5,35535
Honda,Silver,137669,4,27514
Honda,Green,224472,2,36594
Toyota,Red,96043,4,40320
Honda,Green,81397,5,33004
Toyota,Silver,209443,4,5862
BMW,White,92933,2,50527
BMW,Red,169936,2,16042
Honda,Red,94996,5,45691
Toyota,Red,146341,5,49145
Toyota,Green,145697,2,17303
Honda,Red,37591,5,16137
Toyota,Red,36391,4,44511
BMW,Black,214044,5,19791
BMW,White,223173,5,32943
Honda,White,233620,5,15683
BMW,Silver,18107,5,41660
BMW,Black,60096,2,6482
Honda,Black,113135,4,20133
Toyota,Silver,143759,5,36879
Toyota,White,189907,4,22066
Toyota,White,105678,4,30261
Toyota,Green,68767,2,10653
BMW,Silver,83061,2,17880
Toyota,Green,46621,2,41392
Honda,Gray,39373,2,37612
BMW,Green,72048,4,30165
BMW,Black,247913,5,35251
Honda,Blue,93191,4,43217
Honda,Gray,174902,2,33782
Honda,Green,135593,5,49627
Honda,Blue,112280,4,8146
BMW,Red,248120,4,9668
Toyota,Red,129506,5,29506
Toyota,Blue,129744,4,8640
BMW,Black,6664,2,8113
BMW,Green,38153,5,40607
Honda,White,134598,5,41049
Honda,Black,51477,2,5463
Toyota,White,178055,2,12507
Honda,White,105534,5,20513
Toyota,Green,56442,5,23780
Honda,Gray,214693,2,25591
Toyota,Blue,49214,5,13259
BMW,White,147567,4,25358
Toyota,Silver,114313,2,48578
Toyota,Green,51284,5,20902
BMW,Green,11050,5,18250
Toyota,Blue,96383,2,38818
Honda,Red,159234,2,15186
Toyota,Black,161597,2,35482
BMW,White,67121,5,39197
Honda,Blue,215249,5,37613
Toyota,Silver,214448,4,30074
BMW,Green,189225,4,5016
Toyota,Green,34369,4,14270
Honda,Green,184107,5,48731
BMW,Green,51260,4,36106
BMW,Green,75021,2,23394
Toyota,Blue,150317,4,51264
BMW,Black,46929,4,28796
Toyota,Blue,187120,4,26406
Honda,Gray,118011,2,13605
BMW,White,182543,4,5811
Honda,Silver,126233,5,37522
Honda,Blue,71737,5,48256
BMW,Silver,66016,2,42411
BMW,Blue,5856,5,26467
Honda,Blue,91294,4,44224
Toyota,Green,170609,5,11492
Honda,Red,50429,2,47805
Honda,Silver,62973,5,32687
BMW,White,220628,2,21818
Honda,Black,234364,5,10065
Honda,Black,222589,2,41930
Toyota,Gray,198654,4,28439
BMW,Green,95862,2,47759
Toyota,Silver,22047,2,8363
BMW,Red,19958,2,34358
Honda,Blue,203105,5,32962
BMW,Black,206127,4,24960
Toyota,Gray,26729,4,39736
BMW,Gray,150589,5,43158
Toyota,Green,64603,2,31017
BMW,Green,157018,2,6415
BMW,Silver,110136,5,23793
Honda,White,240023,2,20786
Honda,Red,177794,2,17148
Honda,Blue,23017,4,29397
Honda,Silver,145616,5,37001
Honda,Green,132812,4,25158
Honda,White,21031,2,41269
Toyota,Red,128521,2,34566
Toyota,Gray,38946,4,28527
Toyota,Black,77049,4,38120
Toyota,Red,236794,5,41206
BMW,Red,48337,5,48641
Toyota,Green,203276,2,48119
Honda,Black,45075,2,31475
Honda,Gray,11276,4,25436
BMW,White,192039,4,27053
Toyota,Red,132630,4,49413
BMW,Silver,83581,4,5653
Honda,Gray,125439,2,42415
Honda,Blue,244891,4,6406
Toyota,Black,129669,5,50780
Honda,Gray,143365,4,34178
Honda,White,142251,5,34792
Toyota,Gray,228070,5,50461
Honda,Silver,82711,2,48970
BMW,Green,193421,2,21914
BMW,White,189495,4,28707
Toyota,Gray,134638,2,49628
BMW,Red,160165,5,16188
Toyota,Silver,129761,5,11512
BMW,Silver,205608,4,16766
Toyota,Red,69319,4,11255
Honda,Silver,134282,5,5391
Toyota,Green,19374,5,16923
Toyota,Red,124818,2,18478
BMW,White,203884,2,30102
BMW,White,240272,2,15738
Honda,Green,174754,2,41821
Toyota,Red,50928,5,33868
BMW,Blue,39279,2,37677
Toyota,Red,176845,5,50140
Toyota,Silver,55154,4,37440
BMW,Black,248771,4,47564
Honda,Silver,69876,5,27151
Toyota,Green,94183,5,5304
Honda,Gray,83256,5,18320
BMW,Black,27788,5,50687
Toyota,Silver,45619,4,6680
BMW,White,244532,2,34299
BMW,Black,226115,5,9041
BMW,Gray,111063,2,43252
BMW,Gray,149326,4,46815
Honda,Green,249865,5,38445
Honda,Silver,220739,2,21164
BMW,Red,76356,5,6410
Honda,Red,55587,2,24326
Toyota,Blue,208730,2,37827
Toyota,Blue,187799,2,25469
Toyota,Black,119707,2,25029
Honda,White,206211,2,26999
Honda,Green,26653,4,6217
Honda,Blue,177634,2,9324
BMW,Green,128027,5,37657
Toyota,Black,50808,2,15586
Honda,Green,81292,2,46036
BMW,Blue,158480,5,23905
Toyota,Green,221685,5,48675
Toyota,Green,132969,2,17547
Honda,Silver,24386,5,34653
BMW,Black,163387,2,11992
Toyota,White,107262,5,5558
Toyota,Silver,238670,4,28688
Honda,White,215002,4,11591
BMW,White,85085,2,13135
Honda,Gray,20112,5,20800
Honda,Green,243108,2,39404
Toyota,Silver,200023,5,27038
Honda,White,164273,2,37936
Toyota,Black,47561,5,12379
BMW,Red,213235,4,41108
Honda,Blue,184810,4,40275
BMW,Gray,49240,5,45587
Toyota,Green,9827,5,13083
BMW,Red,97446,4,18941
Honda,Silver,121279,5,10475
BMW,Green,70329,5,31389
Honda,Blue,99341,5,27540
Toyota,Red,237012,4,23779
BMW,Blue,199458,4,26729
Honda,Gray,95082,4,10464
BMW,White,181461,5,26421
Toyota,Silver,241825,2,27973
BMW,White,218228,2,43840
Honda,Red,8544,5,19225
BMW,Gray,57949,2,48559
Honda,Red,190255,2,27050
Honda,Green,25100,2,33700
Honda,Black,192188,5,22807
Honda,Gray,50668,4,38123
Toyota,Black,247582,2,39667
Honda,Gray,88411,2,21046
Toyota,Black,91130,4,20505
Honda,Gray,207568,4,41758
Toyota,Gray,104828,4,6065
Toyota,White,179310,4,29482
Toyota,Green,219133,4,6938
BMW,Silver,83762,2,36394
BMW,Silver,52544,2,33915
BMW,Red,207178,2,48870
Toyota,Blue,116425,2,47748
Toyota,Silver,16040,5,16470
Toyota,Green,62521,2,48906
Toyota,Blue,19288,5,45619
Honda,Gray,163599,5,27687
Honda,Gray,69545,4,10514
Honda,Gray,165425,4,34286
BMW,Silver,197060,4,43904
BMW,Silver,225711,5,31832
Honda,Red,47780,4,44353
BMW,Blue,213039,4,9642
BMW,Gray,13156,2,49766
Toyota,Gray,190724,5,39372
Toyota,White,243422,2,33955
BMW,Silver,241473,2,49128
Honda,Gray,171445,5,42811
Honda,Gray,16157,2,7638
Honda,Green,186286,2,15291
Honda,Black,47095,2,16169
Honda,Blue,137353,2,38386
Honda,Green,83116,4,27806
Honda,Silver,154842,4,26606
Toyota,Gray,216741,2,12143
Toyota,Green,112991,4,19297
Honda,Gray,145253,2,33663
Toyota,White,239160,5,6850
Honda,Blue,218822,5,23428
Honda,Gray,104533,4,39243
Toyota,Blue,238530,4,35475
Toyota,White,76229,5,29535
BMW,Gray,101717,5,28619
BMW,Silver,98101,2,39755
Honda,Red,78007,4,23651
BMW,Silver,151353,2,16208
BMW,White,172394,5,17772
BMW,Green,67830,2,47901
BMW,Green,230449,2,26382
Honda,Red,149159,4,9148
BMW,Black,140738,4,50389
Honda,Silver,7434,5,36998
Toyota,Blue,208423,4,27096
Honda,Silver,198545,2,43092
Toyota,Green,158254,5,36051
Toyota,Blue,247120,2,20216
Honda,Silver,130007,4,45999
Toyota,White,51657,4,36571
Honda,Red,58154,2,39517
Honda,Blue,78223,5,40660
BMW,Green,236854,4,5780
BMW,Green,230412,2,30518
Toyota,Gray,158619,5,29158
Honda,Black,145485,5,30809
BMW,Silver,222241,4,11979
BMW,Red,236563,5,26907
Honda,Red,243670,2,45100
Toyota,Blue,43773,4,7444
Honda,Blue,212008,5,10111
BMW,Red,217505,4,43670
Toyota,Black,249019,4,50672
BMW,Silver,77302,5,29996
Toyota,Green,198589,4,37864
Toyota,Black,215852,5,47505
Toyota,Silver,205164,2,9515
Honda,Blue,191850,5,38952
Toyota,Silver,91702,4,14244
Toyota,White,171506,4,10257
BMW,Black,39218,5,36993
Honda,Blue,100038,2,13899
Honda,Green,94746,5,36370
BMW,Black,125385,5,19300
Toyota,Red,92569,4,15416
BMW,Blue,10926,5,13758
Toyota,White,33055,5,16276
BMW,Blue,120600,2,42979
Honda,Silver,122418,5,39009
Honda,Gray,217004,2,44990
Toyota,Silver,70881,5,9396
BMW,Silver,208657,2,41161
BMW,Black,216285,2,19854
Toyota,Silver,90791,2,14267
Honda,Green,224529,4,21666
Honda,Red,158201,2,19924
Honda,Silver,228608,5,26780
Toyota,Gray,174186,4,25708
Toyota,Red,210307,4,15733
Toyota,Silver,159032,5,12597
Honda,Green,20025,4,18094
BMW,Blue,128137,5,14266
Honda,Silver,74178,2,8647
BMW,Gray,235316,2,32517
Honda,Blue,173130,2,47021
Toyota,Green,218902,4,33791
Toyota,Green,133287,4,42332
Honda,Black,98404,5,39268
BMW,Black,140641,2,51025
BMW,Red,38152,5,29771
Honda,White,143754,4,39109
Toyota,Blue,159729,4,45708
Toyota,Black,162020,5,31799
Honda,Red,21898,5,38613
Honda,Black,94530,2,20693
BMW,Green,246575,2,39204
Honda,Red,152864,2,45684
Toyota,Silver,206263,5,26565
BMW,Silver,168180,4,41126
BMW,Silver,29115,5,17725
Honda,White,233662,4,14512
BMW,Gray,20680,4,33691
Toyota,Silver,153698,5,16535
Honda,Red,97881,5,7163
Honda,Silver,167672,5,15159
BMW,Gray,94077,2,39567
BMW,Red,66828,2,49672
Toyota,Gray,227441,5,27517
BMW,Red,243534,4,48532
Toyota,White,188677,2,16637
BMW,Silver,123944,4,37859
BMW,Blue,112120,2,40772
Honda,Black,19557,4,6979
Toyota,Black,37179,5,39480
Toyota,Black,156424,5,37340
Toyota,Silver,132658,4,27817
Honda,White,227428,4,47349
Toyota,Silver,141904,4,50718
Toyota,Red,64583,4,36949
Toyota,Red,20013,2,46250
BMW,White,193748,4,19043
BMW,Black,32710,5,38612
Honda,Green,154138,4,51180
Toyota,Red,241875,2,27960
Toyota,White,194461,2,21003
BMW,Blue,193861,5,9773
BMW,Blue,91123,2,14346
Honda,Blue,189256,5,36090
Toyota,Green,16984,5,19823
Honda,Silver,161944,4,13548
BMW,Green,138877,5,16201
Honda,Black,162219,2,21115
BMW,Silver,204946,2,43146
BMW,Blue,126780,4,30539
BMW,Silver,55159,4,28505
Toyota,Silver,154230,2,6616
BMW,Green,13021,5,44326
Honda,Red,241154,4,20850
BMW,Green,86012,2,28258
Honda,Gray,218810,4,51136
Toyota,Silver,70897,2,51186
Honda,Black,152384,5,10694
Honda,Black,101418,4,25369
BMW,Silver,93945,2,17490
Toyota,Gray,185457,4,22749
Honda,Blue,112699,2,22081
BMW,Gray,117196,5,32230
BMW,Silver,46119,2,45899
Honda,White,153263,2,35327
BMW,Black,125025,5,5829
Honda,Silver,104515,4,41719
BMW,Blue,61954,4,10855
Toyota,White,26698,5,32412
Toyota,Silver,93234,4,7826
Honda,Blue,198176,2,44595
Toyota,Blue,168927,4,46295
Toyota,Gray,41168,5,20548
Toyota,Black,103577,4,16631
Toyota,White,121003,2,25597
Honda,Gray,187391,4,8818
Honda,Green,155295,4,32934
Toyota,Blue,190410,2,30577
BMW,Gray,104168,2,36959
BMW,Black,186099,2,46464
BMW,Black,202207,4,22412
BMW,Red,229117,2,36875
Toyota,Silver,82271,5,41291
Toyota,Gray,171335,2,21277
Honda,Gray,92057,4,14295
Honda,Red,189720,5,39858
BMW,Black,182473,5,47981
Honda,Green,142044,2,46548
BMW,Green,148244,5,24742
Toyota,Black,234856,5,16632
Toyota,Blue,169215,4,15002
BMW,Gray,42363,2,19037
BMW,Red,92424,5,10450
BMW,Gray,221925,4,28406
BMW,Gray,140966,2,8100
BMW,Silver,160743,4,45632
BMW,Red,210427,5,48901
Honda,Gray,212184,5,19822
Toyota,Green,77600,5,12637
Toyota,Black,68684,4,27298
BMW,White,63571,4,38809
Toyota,Silver,152341,2,15727
Toyota,Red,144222,5,31605
Honda,Gray,164239,4,23083
Toyota,White,38471,2,6288
Toyota,Red,243117,5,45354
Honda,Gray,191693,2,51072
Honda,Blue,64140,4,7549
Toyota,Black,152799,5,8523
Toyota,White,14159,4,25010
Toyota,Red,29925,5,41916
BMW,Black,98728,5,47539
Honda,Red,73143,2,15464
Toyota,Black,165950,2,19649
BMW,Silver,10888,2,35388
Toyota,Green,29645,5,42060
Toyota,Black,234223,4,12700
Honda,Gray,174672,2,25964
Toyota,Red,46424,4,9925
BMW,Blue,148991,4,48617
BMW,White,37956,4,38149
Honda,Black,45297,5,9053
Toyota,Red,52617,5,30984
Honda,White,50935,5,38035
BMW,Black,180024,4,26620
BMW,Red,138257,4,10491
Honda,Red,124021,4,33898
Honda,White,230574,4,38377
Toyota,White,232674,2,42059
Honda,Blue,104686,2,9154
Toyota,Blue,25575,4,36399
Honda,Green,9285,2,24814
Honda,Red,43745,2,6209
Honda,Red,73745,4,14822
Toyota,Blue,241189,4,35022
BMW,Gray,183723,5,26349
BMW,White,89729,5,42294
BMW,Silver,66160,4,29306
Honda,White,75748,2,17358
Honda,Gray,89944,2,15142
Honda,Blue,186124,5,48845
Honda,Silver,83545,2,19606
BMW,Red,71398,5,45450
Toyota,Silver,79352,5,23259
Honda,Blue,188210,4,10331
Toyota,White,67827,4,41434
Honda,Red,127541,4,25675
Toyota,Blue,164894,4,11357
Honda,White,106031,4,5117
Honda,White,42861,2,30327
Honda,Blue,65861,4,6318
Honda,Black,213952,2,38068
Toyota,Silver,219906,4,18864
Toyota,White,247668,5,5043
Toyota,Green,163879,5,6409
BMW,Gray,99067,5,48066
Toyota,Green,80068,4,48050
Toyota,Green,231771,5,48748
BMW,Blue,105610,2,33806
Honda,Silver,191830,2,6390
Toyota,Red,100700,5,38256
BMW,Red,142496,4,42722
BMW,Green,178216,2,16311
Honda,Black,134329,2,12489
Honda,Blue,164059,4,38876
BMW,Red,52534,5,15239
Toyota,Gray,125825,5,27077
Toyota,Silver,130508,5,7352
Toyota,Blue,215691,5,41500
Honda,Green,222562,5,6456
BMW,Black,156963,2,19505
BMW,Green,12966,2,10506
BMW,White,76505,4,12312
BMW,Red,153109,4,10292
BMW,Red,122939,5,38599
BMW,Blue,211513,2,19879
Toyota,Red,106362,4,38857
Toyota,Black,147879,2,10631
BMW,Gray,75394,5,5531
Honda,Black,128283,2,7634
BMW,Green,58156,5,10502
Honda,White,241446,5,24455
Honda,Red,132259,2,23799
Toyota,Gray,162476,4,21136
BMW,Silver,208194,4,49070
Toyota,Black,89336,5,21695
Toyota,Gray,224793,2,5487
BMW,Black,127967,4,48630
BMW,Gray,135432,2,45384
Honda,Black,146246,4,49022
BMW,Green,79166,2,48549
Toyota,Black,210599,4,24067
Honda,Blue,220399,4,47341
Toyota,Gray,31982,2,32954
Honda,Silver,54120,4,9250
BMW,Red,135484,4,9771
BMW,Gray,143692,5,13501
Honda,Black,51755,2,45708
BMW,White,229466,4,47056
Honda,Black,181689,2,29579
Toyota,Blue,13070,5,44354
Honda,Blue,200370,5,38491
BMW,Red,47787,4,22748
Honda,Green,201981,4,19488
BMW,Red,95221,2,48708
BMW,Blue,239209,2,48716
Toyota,White,240756,2,16250
Toyota,Silver,113967,4,36676
Honda,White,175637,5,5090
Toyota,Silver,242140,4,9212
BMW,Black,244755,4,18778
Toyota,White,181106,2,31332
BMW,Black,164622,2,13144
BMW,Gray,12531,2,50486
BMW,Black,7284,4,8529
BMW,White,107697,5,38979
Toyota,Red,119825,2,37715
BMW,White,175880,4,16969
BMW,Silver,107473,2,14359
Honda,White,138548,4,24383
Toyota,Silver,242549,4,15103
BMW,Green,32145,2,15322
Toyota,Red,170748,5,18922
BMW,Blue,5978,2,21801
Honda,Blue,175924,4,44541
